comments_close_on,agency,type,document_number,title,html_url
2026-09-28,ACF,Notice,2026-17545,Submission for Office of Management and Budget Review; National and State Survey of Child and Adolescent Well-Being (NSSCAW): Site Recruitment and Baseline Data Collection,https://www.federalregister.gov/documents/2026/08/28/2026-17545/submission-for-office-of-management-and-budget-review-national-and-state-survey-of-child-and
2026-09-28,FDA,Notice,2026-17601,Agency Information Collection Activities; Submission for Office of Management and Budget Review; Comment Request; Reporting Associated With Animal Drug and Animal Generic Drug User Fees,https://www.federalregister.gov/documents/2026/08/28/2026-17601/agency-information-collection-activities-submission-for-office-of-management-and-budget-review
2026-09-28,FDA,Notice,2026-17603,Agency Information Collection Activities; Submission for Office of Management and Budget Review; Comment Request; Importation of Prescription Drugs,https://www.federalregister.gov/documents/2026/08/28/2026-17603/agency-information-collection-activities-submission-for-office-of-management-and-budget-review
2026-09-30,FDA,Notice,2026-17677,Agency Information Collection Activities; Submission for Office of Management and Budget Review; Comment Request; Potential Tobacco Product Violations Reporting Form,https://www.federalregister.gov/documents/2026/08/31/2026-17677/agency-information-collection-activities-submission-for-office-of-management-and-budget-review
2026-09-30,ACF,Notice,2026-17745,Submission for Office of Management and Budget Review; Head Start State Collaboration Office Grant Application,https://www.federalregister.gov/documents/2026/08/31/2026-17745/submission-for-office-of-management-and-budget-review-head-start-state-collaboration-office-grant
2026-09-30,NIH,Notice,2026-18877,Prospective Grant of an Exclusive Patent License: Development and Commercialization of Engineered Cell Therapies for the Treatment of HPV 16 E6-Expressing Cancers,https://www.federalregister.gov/documents/2026/09/15/2026-18877/prospective-grant-of-an-exclusive-patent-license-development-and-commercialization-of-engineered
2026-10-01,HHS,Notice,2026-18987,Opportunity To Co-Sponsor Events With the Office of Research Integrity,https://www.federalregister.gov/documents/2026/09/16/2026-18987/opportunity-to-co-sponsor-events-with-the-office-of-research-integrity
2026-10-02,HHS,Notice,2026-17907,Privacy Act of 1974; Matching Program,https://www.federalregister.gov/documents/2026/09/02/2026-17907/privacy-act-of-1974-matching-program
2026-10-02,CMS,Notice,2026-17970,Agency Information Collection Activities: Submission for OMB Review; Comment Request,https://www.federalregister.gov/documents/2026/09/02/2026-17970/agency-information-collection-activities-submission-for-omb-review-comment-request
2026-10-02,ACF,Notice,2026-17982,Submission for Office of Management and Budget Review; TANF Contingency Fund Application,https://www.federalregister.gov/documents/2026/09/02/2026-17982/submission-for-office-of-management-and-budget-review-tanf-contingency-fund-application
2026-10-05,HHS,Notice,2026-18060,Agency Information Collection Request. 30-Day Public Comment Request,https://www.federalregister.gov/documents/2026/09/03/2026-18060/agency-information-collection-request-30-day-public-comment-request
2026-10-05,HRSA,Notice,2026-18115,"Agency Information Collection Activities: Submission to OMB for Review and Approval; Public Comment Request; Information Collection Request Title: Rural Communities Opioid Response Program Performance Measures, OMB No. 0906-XXXX-New",https://www.federalregister.gov/documents/2026/09/04/2026-18115/agency-information-collection-activities-submission-to-omb-for-review-and-approval-public-comment
2026-10-05,ACF,Proposed Rule,2026-18167,Reducing Bureaucracy and Burden for the Repatriation of Mentally Ill Nationals,https://www.federalregister.gov/documents/2026/09/04/2026-18167/reducing-bureaucracy-and-burden-for-the-repatriation-of-mentally-ill-nationals
2026-10-13,CMS,Notice,2026-16368,Medicare Program; Regulatory Alignment for Predictable and Immediate Device (RAPID) Coverage Pathway,https://www.federalregister.gov/documents/2026/08/11/2026-16368/medicare-program-regulatory-alignment-for-predictable-and-immediate-device-rapid-coverage-pathway
2026-10-13,CMS,Notice,2026-16386,Agency Information Collection Activities: Proposed Collection; Comment Request,https://www.federalregister.gov/documents/2026/08/12/2026-16386/agency-information-collection-activities-proposed-collection-comment-request
2026-10-13,CMS,Notice,2026-16455,Agency Information Collection Activities: Proposed Collection; Comment Request,https://www.federalregister.gov/documents/2026/08/13/2026-16455/agency-information-collection-activities-proposed-collection-comment-request
2026-10-13,FDA,Notice,2026-16638,Container Closure Systems for Human Drugs and Biological Products; Draft Guidance for Industry; Availability,https://www.federalregister.gov/documents/2026/08/14/2026-16638/container-closure-systems-for-human-drugs-and-biological-products-draft-guidance-for-industry
2026-10-13,FDA,Notice,2026-18528,"Agency Information Collection Activities; Submission for Office of Management and Budget Review; Comment Request; Generic Clearance for Qualitative Data To Support Social and Behavioral Research for Food, Dietary Supplements, Cosmetics, and Animal Food and Feed",https://www.federalregister.gov/documents/2026/09/11/2026-18528/agency-information-collection-activities-submission-for-office-of-management-and-budget-review
2026-10-13,CMS,Notice,2026-18611,Agency Information Collection Activities: Submission for OMB Review; Comment Request,https://www.federalregister.gov/documents/2026/09/11/2026-18611/agency-information-collection-activities-submission-for-omb-review-comment-request
2026-10-14,FDA,Notice,2026-18691,Agency Information Collection Activities; Submission for Office of Management and Budget Review; Comment Request; Customer/Partner Customer Service Satisfaction Surveys,https://www.federalregister.gov/documents/2026/09/14/2026-18691/agency-information-collection-activities-submission-for-office-of-management-and-budget-review
2026-10-14,ACL,Notice,2026-18727,Solicitation for Nominations To Serve on the Family Caregiving Advisory Council,https://www.federalregister.gov/documents/2026/09/14/2026-18727/solicitation-for-nominations-to-serve-on-the-family-caregiving-advisory-council
2026-10-14,ACL,Notice,2026-18728,Solicitation for Nominations To Serve on the Advisory Council To Support Grandparents Raising Grandchildren,https://www.federalregister.gov/documents/2026/09/14/2026-18728/solicitation-for-nominations-to-serve-on-the-advisory-council-to-support-grandparents-raising
2026-10-16,FDA,Notice,2026-16712,Agency Information Collection Activities; Proposed Collection; Comment Request; Imports and Electronic Import Entries,https://www.federalregister.gov/documents/2026/08/17/2026-16712/agency-information-collection-activities-proposed-collection-comment-request-imports-and-electronic
2026-10-16,FDA,Notice,2026-16713,Determination of Regulatory Review Period for Purposes of Patent Extension; BIZENGRI,https://www.federalregister.gov/documents/2026/08/17/2026-16713/determination-of-regulatory-review-period-for-purposes-of-patent-extension-bizengri
2026-10-16,FDA,Notice,2026-16714,Agency Information Collection Activities; Proposed Collection; Comment Request; Third Party Disclosure and Recordkeeping Requirements for Reportable Food,https://www.federalregister.gov/documents/2026/08/17/2026-16714/agency-information-collection-activities-proposed-collection-comment-request-third-party-disclosure
2026-10-16,FDA,Proposed Rule,2026-16728,Gastroenterology-Urology Devices; Reclassification of Diagnostic Endoscopic Light Source Systems To Be Renamed Cystoscopic Systems Intended as an Aid for Detection of Bladder Cancer,https://www.federalregister.gov/documents/2026/08/17/2026-16728/gastroenterology-urology-devices-reclassification-of-diagnostic-endoscopic-light-source-systems-to
2026-10-16,FDA,Proposed Rule,2026-16729,Medical Devices; Classification of Accessories Distinct From Other Devices; Proposed List of Accessories Suitable for Class I; Request for Comments,https://www.federalregister.gov/documents/2026/08/17/2026-16729/medical-devices-classification-of-accessories-distinct-from-other-devices-proposed-list-of
2026-10-16,FDA,Notice,2026-18946,"Agency Information Collection Activities; Submission for Office of Management and Budget Review; Comment Request; Biological Products: Reporting of Biological Product Deviations and Human Cells, Tissues, and Cellular and Tissue-Based Product Deviations in Manufacturing",https://www.federalregister.gov/documents/2026/09/16/2026-18946/agency-information-collection-activities-submission-for-office-of-management-and-budget-review
2026-10-16,HHS,Notice,2026-18950,Agency Information Collection Request; 30-Day Public Comment Request,https://www.federalregister.gov/documents/2026/09/16/2026-18950/agency-information-collection-request-30-day-public-comment-request
2026-10-17,FDA,Notice,2026-16353,Reauthorization of the Generic Drug User Fee Amendments; Public Meeting; Request for Comments,https://www.federalregister.gov/documents/2026/08/11/2026-16353/reauthorization-of-the-generic-drug-user-fee-amendments-public-meeting-request-for-comments
2026-10-19,FDA,Notice,2026-16837,Determining Whether To Submit an ANDA or a 505(b)(2) Application; Draft Guidance for Industry; Availability,https://www.federalregister.gov/documents/2026/08/18/2026-16837/determining-whether-to-submit-an-anda-or-a-505b2-application-draft-guidance-for-industry
2026-10-19,HRSA,Notice,2026-16871,"Agency Information Collection Activities: Proposed Collection: Public Comment Request; Information Collection Request Title: Rural Maternity and Obstetrics Management Strategies Program Data Collection, OMB No. 0915-0394-Revision",https://www.federalregister.gov/documents/2026/08/19/2026-16871/agency-information-collection-activities-proposed-collection-public-comment-request-information
2026-10-19,HRSA,Notice,2026-16912,"Agency Information Collection Activities: Proposed Collection: Public Comment Request; Information Collection Request Title: Voluntary Partner Survey on HRSA Customer Service, OMB No. 0906-0084-Revision",https://www.federalregister.gov/documents/2026/08/19/2026-16912/agency-information-collection-activities-proposed-collection-public-comment-request-information
2026-10-19,CDC,Notice,2026-17037,Proposed Data Collection Submitted for Public Comment and Recommendations,https://www.federalregister.gov/documents/2026/08/20/2026-17037/proposed-data-collection-submitted-for-public-comment-and-recommendations
2026-10-19,CDC,Notice,2026-17040,Proposed Data Collection Submitted for Public Comment and Recommendations,https://www.federalregister.gov/documents/2026/08/20/2026-17040/proposed-data-collection-submitted-for-public-comment-and-recommendations
2026-10-19,NIH,Notice,2026-18646,Draft NIH Biosafety Policy for Research Involving Biohazards,https://www.federalregister.gov/documents/2026/09/14/2026-18646/draft-nih-biosafety-policy-for-research-involving-biohazards
2026-10-20,CMS,Notice,2026-17112,Agency Information Collection Activities: Proposed Collection; Comment Request,https://www.federalregister.gov/documents/2026/08/21/2026-17112/agency-information-collection-activities-proposed-collection-comment-request
2026-10-20,CMS,Notice,2026-17128,Agency Information Collection Activities: Proposed Collection; Comment Request,https://www.federalregister.gov/documents/2026/08/21/2026-17128/agency-information-collection-activities-proposed-collection-comment-request
2026-10-20,HRSA,Notice,2026-17190,"Agency Information Collection Activities: Proposed Collection: Public Comment Request; Information Collection Request Title: Faculty Loan Repayment Program, OMB No. 0906-0082-Revision",https://www.federalregister.gov/documents/2026/08/21/2026-17190/agency-information-collection-activities-proposed-collection-public-comment-request-information
2026-10-21,HHS,Notice,2026-19252,"Request for Information on Electromagnetic Fields (EMFs), Radiofrequency (RF) Radiation, and Wireless Radiation Exposure",https://www.federalregister.gov/documents/2026/09/21/2026-19252/request-for-information-on-electromagnetic-fields-emfs-radiofrequency-rf-radiation-and-wireless
2026-10-21,FDA,Notice,2026-19284,Agency Information Collection Activities; Submission for Office of Management and Budget Review; Comment Request; Orphan Drugs,https://www.federalregister.gov/documents/2026/09/21/2026-19284/agency-information-collection-activities-submission-for-office-of-management-and-budget-review
2026-10-22,HRSA,Notice,2026-19339,"Agency Information Collection Activities: Submission to OMB for Review and Approval; Public Comment Request; Generic Information Collection Request for Health Resources and Services Administration Hotlines, Chatlines, and Online Portals",https://www.federalregister.gov/documents/2026/09/22/2026-19339/agency-information-collection-activities-submission-to-omb-for-review-and-approval-public-comment
2026-10-22,HRSA,Notice,2026-19362,"Agency Information Collection Activities: Submission to OMB for Review and Approval; Public Comment Request; Questionnaire and Data Collection Testing, Evaluation, and Research for the Health Resources and Services Administration, OMB No. 0915-0379-Revision",https://www.federalregister.gov/documents/2026/09/22/2026-19362/agency-information-collection-activities-submission-to-omb-for-review-and-approval-public-comment
2026-10-23,FDA,Notice,2026-17222,Product-Specific Guidances; Draft and Revised Draft Guidances for Industry; Availability,https://www.federalregister.gov/documents/2026/08/24/2026-17222/product-specific-guidances-draft-and-revised-draft-guidances-for-industry-availability
2026-10-26,FDA,Notice,2026-17377,Agency Information Collection Activities; Proposed Collection; Comment Request; Allegations of Regulatory Misconduct Voluntarily Submitted to the Center for Devices and Radiological Health,https://www.federalregister.gov/documents/2026/08/26/2026-17377/agency-information-collection-activities-proposed-collection-comment-request-allegations-of
2026-10-26,CMS,Notice,2026-17484,Agency Information Collection Activities: Proposed Collection; Comment Request,https://www.federalregister.gov/documents/2026/08/27/2026-17484/agency-information-collection-activities-proposed-collection-comment-request
2026-10-27,FDA,Notice,2026-17598,Agency Information Collection Activities; Proposed Collection; Comment Request; Focus Groups and Interviews as Used by the Food and Drug Administration,https://www.federalregister.gov/documents/2026/08/28/2026-17598/agency-information-collection-activities-proposed-collection-comment-request-focus-groups-and
2026-10-27,FDA,Notice,2026-17599,"Agency Information Collection Activities; Proposed Collection; Comment Request; Food Canning Establishment Registration, Process Filing, and Recordkeeping for Acidified Foods and Thermally Processed Low-Acid Foods in Hermetically Sealed Containers",https://www.federalregister.gov/documents/2026/08/28/2026-17599/agency-information-collection-activities-proposed-collection-comment-request-food-canning
2026-10-27,FDA,Notice,2026-17605,Agency Information Collection Activities; Proposed Collection; Comment Request; Qualitative Feedback on Agency Service Delivery,https://www.federalregister.gov/documents/2026/08/28/2026-17605/agency-information-collection-activities-proposed-collection-comment-request-qualitative-feedback-on
2026-10-27,CDC,Notice,2026-17624,Proposed Data Collection Submitted for Public Comment and Recommendations,https://www.federalregister.gov/documents/2026/08/28/2026-17624/proposed-data-collection-submitted-for-public-comment-and-recommendations
2026-10-27,HRSA,Notice,2026-17625,Agency Information Collection Activities: Proposed Collection: Public Comment Request; Information Collection Request Title: The National Health Service Corps Loan Repayment Programs OMB No. 0915-0127-Revision,https://www.federalregister.gov/documents/2026/08/28/2026-17625/agency-information-collection-activities-proposed-collection-public-comment-request-information
2026-10-30,FDA,Notice,2026-17675,Agency Information Collection Activities; Proposed Collection; Comment Request; Medical Devices; Reports of Removals and Corrections,https://www.federalregister.gov/documents/2026/08/31/2026-17675/agency-information-collection-activities-proposed-collection-comment-request-medical-devices-reports
2026-10-30,FDA,Notice,2026-17676,"Agency Information Collection Activities; Proposed Collection; Comment Request; Registration of Human Drug Compounding Outsourcing Facilities Under the Federal Food, Drug, and Cosmetic Act and Associated Fees",https://www.federalregister.gov/documents/2026/08/31/2026-17676/agency-information-collection-activities-proposed-collection-comment-request-registration-of-human
2026-11-02,ACF,Notice,2026-17856,Emergency Office of Management and Budget Review and Public Comment: Questionnaire for the Refugee Outreach and Well-Being Initiative,https://www.federalregister.gov/documents/2026/09/01/2026-17856/emergency-office-of-management-and-budget-review-and-public-comment-questionnaire-for-the-refugee
2026-11-02,CMS,Notice,2026-17875,Agency Information Collection Activities: Proposed Collection; Comment Request,https://www.federalregister.gov/documents/2026/09/01/2026-17875/agency-information-collection-activities-proposed-collection-comment-request
2026-11-03,FDA,Notice,2026-18133,Advancing Development of Botanical Drug Products; Request for Information,https://www.federalregister.gov/documents/2026/09/04/2026-18133/advancing-development-of-botanical-drug-products-request-for-information
2026-11-09,CDC,Notice,2026-18217,Proposed Data Collection Submitted for Public Comment and Recommendations,https://www.federalregister.gov/documents/2026/09/08/2026-18217/proposed-data-collection-submitted-for-public-comment-and-recommendations
2026-11-09,HRSA,Notice,2026-18235,"Agency Information Collection Activities: Proposed Collection: Public Comment Request; Information Collection Request Title: Bureau of Health Workforce Performance Data Collection, OMB No. 0906-0086-Revision",https://www.federalregister.gov/documents/2026/09/08/2026-18235/agency-information-collection-activities-proposed-collection-public-comment-request-information
2026-11-09,FDA,Notice,2026-18299,Agency Information Collection Activities; Proposed Collection; Comment Request; Pregnancy Exposure Registry Enrollment Project: A Survey of Health Care Providers To Advance Pregnancy Safety Data Collection and Improve Health Communications,https://www.federalregister.gov/documents/2026/09/09/2026-18299/agency-information-collection-activities-proposed-collection-comment-request-pregnancy-exposure
2026-11-09,FDA,Notice,2026-18333,"Agency Information Collection Activities; Proposed Collection; Comment Request; Human Cells, Tissues, and Cellular and Tissue-Based Products",https://www.federalregister.gov/documents/2026/09/09/2026-18333/agency-information-collection-activities-proposed-collection-comment-request-human-cells-tissues-and
2026-11-09,FDA,Notice,2026-19563,Improving Patient Access to Deceased Donor Islet Cells and Cell Products; Request for Information,https://www.federalregister.gov/documents/2026/09/24/2026-19563/improving-patient-access-to-deceased-donor-islet-cells-and-cell-products-request-for-information
2026-11-10,FDA,Notice,2026-18529,Agency Information Collection Activities; Proposed Collection; Comment Request; Medical Device Tracking,https://www.federalregister.gov/documents/2026/09/11/2026-18529/agency-information-collection-activities-proposed-collection-comment-request-medical-device-tracking
2026-11-10,HRSA,Notice,2026-18553,"Agency Information Collection Activities: Proposed Collection: Public Comment Request; Information Collection Request Title: Rural Health Network Development Program Performance Improvement and Measurement System, OMB No. 0906-0010-Revision",https://www.federalregister.gov/documents/2026/09/11/2026-18553/agency-information-collection-activities-proposed-collection-public-comment-request-information
2026-11-13,CMS,Notice,2026-18649,Agency Information Collection Activities: Proposed Collection; Comment Request,https://www.federalregister.gov/documents/2026/09/14/2026-18649/agency-information-collection-activities-proposed-collection-comment-request
2026-11-13,FDA,Notice,2026-18805,Statistical Considerations for the Design of Rare Disease Clinical Investigations; Establishment of a Public Docket; Request for Information and Comments,https://www.federalregister.gov/documents/2026/09/15/2026-18805/statistical-considerations-for-the-design-of-rare-disease-clinical-investigations-establishment-of-a
2026-11-16,ACF,Notice,2026-18841,Proposed Information Collection Activity; Multistate Financial Institution Data Match With Federally Assisted State Transmitted Levy,https://www.federalregister.gov/documents/2026/09/15/2026-18841/proposed-information-collection-activity-multistate-financial-institution-data-match-with-federally
2026-11-16,ACF,Notice,2026-19023,Proposed Information Collection Activity; Diaper Distribution Demonstration and Research Pilot Beneficiary and Organizational Survey and Beneficiary Report,https://www.federalregister.gov/documents/2026/09/17/2026-19023/proposed-information-collection-activity-diaper-distribution-demonstration-and-research-pilot
2026-11-17,FDA,Notice,2026-19141,Target Animal Safety Evaluation for Veterinary Monoclonal Antibody Products; Draft Guidance for Industry; Availability,https://www.federalregister.gov/documents/2026/09/18/2026-19141/target-animal-safety-evaluation-for-veterinary-monoclonal-antibody-products-draft-guidance-for
2026-11-17,FDA,Notice,2026-19166,Biosimilar User Fee Act III Future Needs in the Development of Interchangeable Products Post-Workshop; Draft Strategy Document,https://www.federalregister.gov/documents/2026/09/18/2026-19166/biosimilar-user-fee-act-iii-future-needs-in-the-development-of-interchangeable-products
2026-11-17,FDA,Notice,2026-19181,Electronic Submission Template for Medical Device Premarket Approval Applications (PMAs); Draft Guidance for Industry and Food and Drug Administration Staff; Availability,https://www.federalregister.gov/documents/2026/09/18/2026-19181/electronic-submission-template-for-medical-device-premarket-approval-applications-pmas-draft
2026-11-18,FDA,Notice,2026-16960,Potency Assessment of Active Immunotherapy Products; Draft Guidance for Industry; Availability,https://www.federalregister.gov/documents/2026/08/20/2026-16960/potency-assessment-of-active-immunotherapy-products-draft-guidance-for-industry-availability
2026-11-20,CDC,Notice,2026-19271,Data Intermediaries and Approaches To Strengthen Public Health Data Exchange,https://www.federalregister.gov/documents/2026/09/21/2026-19271/data-intermediaries-and-approaches-to-strengthen-public-health-data-exchange
2026-11-20,FDA,Notice,2026-19281,Agency Information Collection Activities; Proposed Collection; Comment Request; Prior Notice of Imported Food Under the Public Health Security and Bioterrorism Preparedness and Response Act of 2002,https://www.federalregister.gov/documents/2026/09/21/2026-19281/agency-information-collection-activities-proposed-collection-comment-request-prior-notice-of
2026-11-20,FDA,Notice,2026-19282,Agency Information Collection Activities; Proposed Collection; Comment Request; State Petitions for Exemption From Preemption,https://www.federalregister.gov/documents/2026/09/21/2026-19282/agency-information-collection-activities-proposed-collection-comment-request-state-petitions-for
2026-11-20,FDA,Notice,2026-19283,Agency Information Collection Activities; Proposed Collection; Comment Request; Temporary Marketing Permit Applications,https://www.federalregister.gov/documents/2026/09/21/2026-19283/agency-information-collection-activities-proposed-collection-comment-request-temporary-marketing
2026-11-23,CMS,Notice,2026-19366,Agency Information Collection Activities: Proposed Collection; Comment Request,https://www.federalregister.gov/documents/2026/09/22/2026-19366/agency-information-collection-activities-proposed-collection-comment-request
2026-11-23,CMS,Proposed Rule,2026-19535,Request for Information; Medicare Part D Reasonable and Relevant Pharmacy Contracting Standards,https://www.federalregister.gov/documents/2026/09/24/2026-19535/request-for-information-medicare-part-d-reasonable-and-relevant-pharmacy-contracting-standards
2026-11-27,FDA,Notice,2026-17580,Compounding Animal Drugs From Bulk Drug Substances: Compounding Under CGMP in Federally-Registered Facilities; Draft Guidance for Industry; Availability; Agency Information Collection Activities; Proposed Collection; Comment Request,https://www.federalregister.gov/documents/2026/08/28/2026-17580/compounding-animal-drugs-from-bulk-drug-substances-compounding-under-cgmp-in-federally-registered
2026-12-01,FDA,Notice,2026-17961,"Pharmacokinetics in Patients With Impaired Hepatic Function: Study Design, Data Analysis, and Impact on Dosage; Draft Guidance for Industry; Availability",https://www.federalregister.gov/documents/2026/09/02/2026-17961/pharmacokinetics-in-patients-with-impaired-hepatic-function-study-design-data-analysis-and-impact-on
2026-12-07,FDA,Proposed Rule,2026-19349,Nonclinical Testing Terminology,https://www.federalregister.gov/documents/2026/09/22/2026-19349/nonclinical-testing-terminology
2026-12-07,FDA,Rule,2026-19350,Nonclinical Testing Terminology,https://www.federalregister.gov/documents/2026/09/22/2026-19350/nonclinical-testing-terminology
2026-12-09,FDA,Proposed Rule,2026-16296,Substances Generally Recognized as Safe,https://www.federalregister.gov/documents/2026/08/11/2026-16296/substances-generally-recognized-as-safe
2027-03-08,FDA,Notice,2026-18297,Determination of Regulatory Review Period for Purposes of Patent Extension; ANKTIVA,https://www.federalregister.gov/documents/2026/09/09/2026-18297/determination-of-regulatory-review-period-for-purposes-of-patent-extension-anktiva
2027-03-08,FDA,Notice,2026-18298,Determination of Regulatory Review Period for Purposes of Patent Extension; ANZUPGO,https://www.federalregister.gov/documents/2026/09/09/2026-18298/determination-of-regulatory-review-period-for-purposes-of-patent-extension-anzupgo
2027-03-08,FDA,Notice,2026-18300,Determination of Regulatory Review Period for Purposes of Patent Extension; ANDEMBRY,https://www.federalregister.gov/documents/2026/09/09/2026-18300/determination-of-regulatory-review-period-for-purposes-of-patent-extension-andembry
